Id;Nome;Cpf;Cargo
1;Eduardo;126.774.657-28;sem cargo 
2;Juliano;126.774.657-29;sem cargo 
3;Cauan;126.774.657-30;sem cargo 
11;brunao;126.774;Anddal
11;brunao;126.774;Anddal
11;brunao;126.774;Anddal
11;brunao;126.774;Anddal
11;brunao;126.774;Anddal
11;brunao;126.774;Anddal
11;brunao;126.774;Anddal
11;brunao;126.774;Anddal
11;brunao;126.774;Anddal
11;brunao;126.774;Anddal
5;arthut;126.774.657-32;sem cargo 
6;juliano;126.774.657-34;sem cargo 
8;Pim;126.774.657-37;sem cargo 
9;Guilhermim;126.774.657-40;sem cargo 
9;Guilhermim;126.774.657-40;sem cargo 
10;Guilhm;126.774.7-40;sem cargo 
10;Guilhm;126.774.7-40;sem cargo 
